name,license_type,phone,email,website,consented,source_url,fetched
Sacred Spore Company,Manufacturer,9715178771,sacredsporeco@gmail.com,https://www.sacredsporeco.com,listed-in-official-directory,https://psilocybin.oregon.gov/api/public/ApprovedLicenses/GetConsentingLicenses,2026-10-01
"Mush To Do, LLC",Manufacturer,,,,listed-in-official-directory,https://psilocybin.oregon.gov/api/public/ApprovedLicenses/GetConsentingLicenses,2026-10-01
"Spiritus Oregon, Inc",Manufacturer,,info@spiritusoregon.com,http://www.spiritusoregon.com,listed-in-official-directory,https://psilocybin.oregon.gov/api/public/ApprovedLicenses/GetConsentingLicenses,2026-10-01
Alexander J Romer - Luminaire Mushroom Company,Manufacturer,5033586138,info@luminairemushroomcompany.com,http://www.luminairemushroomcompany.com,listed-in-official-directory,https://psilocybin.oregon.gov/api/public/ApprovedLicenses/GetConsentingLicenses,2026-10-01
"Satori Farms PDX, LLC",Manufacturer,5037288205,tori.armbrust@yahoo.com,https://www.satorifarmspdx.com,listed-in-official-directory,https://psilocybin.oregon.gov/api/public/ApprovedLicenses/GetConsentingLicenses,2026-10-01
Satya Therapeutics,Manufacturer,5412009388,andreas@satyatherapeutics.com,https://satyatherapeutics.com,listed-in-official-directory,https://psilocybin.oregon.gov/api/public/ApprovedLicenses/GetConsentingLicenses,2026-10-01
Drop Thesis,Service Center,,portal@dropthesis.com,https://www.dropthesis.com,listed-in-official-directory,https://psilocybin.oregon.gov/api/public/ApprovedLicenses/GetConsentingLicenses,2026-10-01
EPIC Healing Eugene,Service Center,5415250124,staff@epichealingeugene.com,https://www.epichealingeugene.com,listed-in-official-directory,https://psilocybin.oregon.gov/api/public/ApprovedLicenses/GetConsentingLicenses,2026-10-01
Omnia Group Ashland,Service Center,7142034780,brian@omniagroupashland.com,https://www.omniagroupashland.com/,listed-in-official-directory,https://psilocybin.oregon.gov/api/public/ApprovedLicenses/GetConsentingLicenses,2026-10-01
Meadow,Service Center,5034278847,care@meadowmedicine.org,https://meadowmedicine.org/,listed-in-official-directory,https://psilocybin.oregon.gov/api/public/ApprovedLicenses/GetConsentingLicenses,2026-10-01
Asimov Corporation,Service Center,5033895666,Marlin@MindTrek.net,http://www.MindTrek.net,listed-in-official-directory,https://psilocybin.oregon.gov/api/public/ApprovedLicenses/GetConsentingLicenses,2026-10-01
Gather Psilocybin Services,Service Center,9542923143,dowkllc@gmail.com,http://www.gatherpsilocybinservices.com/,listed-in-official-directory,https://psilocybin.oregon.gov/api/public/ApprovedLicenses/GetConsentingLicenses,2026-10-01
The Psilocybin Center,Service Center,5038932920,Info@thepsilocybin.center,https://thepsilocybin.center/,listed-in-official-directory,https://psilocybin.oregon.gov/api/public/ApprovedLicenses/GetConsentingLicenses,2026-10-01
Emerald Valley Holistic LLC,Service Center,5415253524,intake@emeraldvalleyholistic.com,https://emeraldvalleyholistic.com,listed-in-official-directory,https://psilocybin.oregon.gov/api/public/ApprovedLicenses/GetConsentingLicenses,2026-10-01
Immersive Therapies LLC,Service Center,5033435590,info@ImmersivePDX.com,https://ImmersivePDX.com,listed-in-official-directory,https://psilocybin.oregon.gov/api/public/ApprovedLicenses/GetConsentingLicenses,2026-10-01
Communitas,Service Center,,,http://www.communitasx.com,listed-in-official-directory,https://psilocybin.oregon.gov/api/public/ApprovedLicenses/GetConsentingLicenses,2026-10-01
Unstuck Psilocybin Treatment Center,Service Center,,info@unstuckoregon.com,https://www.unstuckoregon.com,listed-in-official-directory,https://psilocybin.oregon.gov/api/public/ApprovedLicenses/GetConsentingLicenses,2026-10-01
Space Clinic,Service Center,5034988862,spaceportland@gmail.com,https://spaceportland.com,listed-in-official-directory,https://psilocybin.oregon.gov/api/public/ApprovedLicenses/GetConsentingLicenses,2026-10-01
Neuromycology,Service Center,5032183816,hello@7gatessanctuary.com,http://7gatessanctuary.com,listed-in-official-directory,https://psilocybin.oregon.gov/api/public/ApprovedLicenses/GetConsentingLicenses,2026-10-01
Bend Inner Alchemy,Service Center,,info@bendinneralchemy.com,http://bendinneralchemy.com,listed-in-official-directory,https://psilocybin.oregon.gov/api/public/ApprovedLicenses/GetConsentingLicenses,2026-10-01
Fernlove,Service Center,,carrie@fernlove.com,https://fernlove.com/,listed-in-official-directory,https://psilocybin.oregon.gov/api/public/ApprovedLicenses/GetConsentingLicenses,2026-10-01
Rose Waters Sanctuary,Service Center,,hello@rosewaterssanctuary.com,http://rosewaterssanctuary.com,listed-in-official-directory,https://psilocybin.oregon.gov/api/public/ApprovedLicenses/GetConsentingLicenses,2026-10-01
Satya Therapeutics,Service Center,5419302478,andreas@satyatherapeutics.com,https://satyatherapeutics.com,listed-in-official-directory,https://psilocybin.oregon.gov/api/public/ApprovedLicenses/GetConsentingLicenses,2026-10-01
Chariot,Service Center,5032174007,journey@chariotspace.com,https://www.chariotspace.com/,listed-in-official-directory,https://psilocybin.oregon.gov/api/public/ApprovedLicenses/GetConsentingLicenses,2026-10-01
Ripple Journeywork,Service Center,5413573782,hello@ripplejourneywork.com,https://ripplejourneywork.com,listed-in-official-directory,https://psilocybin.oregon.gov/api/public/ApprovedLicenses/GetConsentingLicenses,2026-10-01
Vital Reset,Service Center,5416454485,go@vitalreset.com,https://vitalreset.com/,listed-in-official-directory,https://psilocybin.oregon.gov/api/public/ApprovedLicenses/GetConsentingLicenses,2026-10-01
Rose City Laboratories,Laboratory,5033070096,info@rosecitylabs.com,https://www.rosecitylabs.com/psilocybin-testing,listed-in-official-directory,https://psilocybin.oregon.gov/api/public/ApprovedLicenses/GetConsentingLicenses,2026-10-01
Lillian Channing,Facilitator,8054193241,Lilichanningtherapy@gmail.com,,listed-in-official-directory,https://psilocybin.oregon.gov/api/public/ApprovedLicenses/GetConsentingLicenses,2026-10-01
Jordan Pedroso,Facilitator,5037374820,Alignwithjordan@gmail.com,https://alignwithjordan.com/,listed-in-official-directory,https://psilocybin.oregon.gov/api/public/ApprovedLicenses/GetConsentingLicenses,2026-10-01
sophia catalano,Facilitator,4582736017,know.thine.self.9@gmail.com,,listed-in-official-directory,https://psilocybin.oregon.gov/api/public/ApprovedLicenses/GetConsentingLicenses,2026-10-01
Dina Odeh,Facilitator,9542923143,dowkllc@gmail.com,https://www.thepsilocybin.center/,listed-in-official-directory,https://psilocybin.oregon.gov/api/public/ApprovedLicenses/GetConsentingLicenses,2026-10-01
Libby  Lyski,Facilitator,,llyski@yahoo.com,,listed-in-official-directory,https://psilocybin.oregon.gov/api/public/ApprovedLicenses/GetConsentingLicenses,2026-10-01
Amos Miller,Facilitator,8057270978,soma@theessentialman.net,https://www.theessentialman.net/,listed-in-official-directory,https://psilocybin.oregon.gov/api/public/ApprovedLicenses/GetConsentingLicenses,2026-10-01
Susan Cochrane,Facilitator,5417997966,qzen6990@gmail.com,,listed-in-official-directory,https://psilocybin.oregon.gov/api/public/ApprovedLicenses/GetConsentingLicenses,2026-10-01
Daniel Wagner,Facilitator,,praxis@wagner-koeln.de,https://www.psychotherapie-koeln-zentrum.de/,listed-in-official-directory,https://psilocybin.oregon.gov/api/public/ApprovedLicenses/GetConsentingLicenses,2026-10-01
Daniel Monin,Facilitator,4155174955,redfoxhealingcontact@gmail.com,https://www.redfoxhealing.com,listed-in-official-directory,https://psilocybin.oregon.gov/api/public/ApprovedLicenses/GetConsentingLicenses,2026-10-01
David Smith,Facilitator,5412645687,david@dharmahealingcenter.com,,listed-in-official-directory,https://psilocybin.oregon.gov/api/public/ApprovedLicenses/GetConsentingLicenses,2026-10-01
Elizabeth Ledbetter,Facilitator,,dr.jane.ledbetter@gmail.com,https://www.drjaneledbetter.com,listed-in-official-directory,https://psilocybin.oregon.gov/api/public/ApprovedLicenses/GetConsentingLicenses,2026-10-01
Jill Fishman,Facilitator,8134040637,,,listed-in-official-directory,https://psilocybin.oregon.gov/api/public/ApprovedLicenses/GetConsentingLicenses,2026-10-01
Christina Oflaherty,Facilitator,7182900963,DrCoflaherty@gmail.com,,listed-in-official-directory,https://psilocybin.oregon.gov/api/public/ApprovedLicenses/GetConsentingLicenses,2026-10-01
Frank Larson,Facilitator,,frank@innerfreedomguide.com,https://innerfreedomguide.com,listed-in-official-directory,https://psilocybin.oregon.gov/api/public/ApprovedLicenses/GetConsentingLicenses,2026-10-01
Aaron Arvidson,Facilitator,,goldenfacilitator@gmail.com,https://goldenfacilitator.com/,listed-in-official-directory,https://psilocybin.oregon.gov/api/public/ApprovedLicenses/GetConsentingLicenses,2026-10-01
Michael Hauty,Facilitator,,michael.hauty@gmail.com,https://mobiuspsychedelicmedicine.com/,listed-in-official-directory,https://psilocybin.oregon.gov/api/public/ApprovedLicenses/GetConsentingLicenses,2026-10-01
Sassy Hamilton,Facilitator,5415177709,,,listed-in-official-directory,https://psilocybin.oregon.gov/api/public/ApprovedLicenses/GetConsentingLicenses,2026-10-01
Jessica Morgenthaler,Facilitator,5035630565,jessica@nurturingnavigation.com,https://www.nurturingnavigation.com,listed-in-official-directory,https://psilocybin.oregon.gov/api/public/ApprovedLicenses/GetConsentingLicenses,2026-10-01
Michael Ortegon,Facilitator,5416004307,michael@michaelortegon.com,,listed-in-official-directory,https://psilocybin.oregon.gov/api/public/ApprovedLicenses/GetConsentingLicenses,2026-10-01
Amy Stutzman,Facilitator,3094723463,amystutzman@live.com,,listed-in-official-directory,https://psilocybin.oregon.gov/api/public/ApprovedLicenses/GetConsentingLicenses,2026-10-01
Emily Reid,Facilitator,,emily@saikonetworks.com,https://www.mindtrek.net/,listed-in-official-directory,https://psilocybin.oregon.gov/api/public/ApprovedLicenses/GetConsentingLicenses,2026-10-01
Elene Johas Teener,Facilitator,8318184026,Elene@Johasteener.com,http://Elene.JohasTeener.com,listed-in-official-directory,https://psilocybin.oregon.gov/api/public/ApprovedLicenses/GetConsentingLicenses,2026-10-01
Thea Wessel,Facilitator,7819908432,,,listed-in-official-directory,https://psilocybin.oregon.gov/api/public/ApprovedLicenses/GetConsentingLicenses,2026-10-01
Kristof McDonald,Facilitator,5202043552,,,listed-in-official-directory,https://psilocybin.oregon.gov/api/public/ApprovedLicenses/GetConsentingLicenses,2026-10-01
Mandy Miller,Facilitator,4155172380,Hello@thehappinesslaboregon.com,https://Thehappinesslaboregon.com,listed-in-official-directory,https://psilocybin.oregon.gov/api/public/ApprovedLicenses/GetConsentingLicenses,2026-10-01
Georgiana Cullen-Kerney,Facilitator,9714357544,georgiana@mushyhealing.com,https://www.mushyhealing.com,listed-in-official-directory,https://psilocybin.oregon.gov/api/public/ApprovedLicenses/GetConsentingLicenses,2026-10-01
Arturo Lopez Flores,Facilitator,9712173413,temicxochinnerworksanacion@gmail.com,https://temicxoch.com/,listed-in-official-directory,https://psilocybin.oregon.gov/api/public/ApprovedLicenses/GetConsentingLicenses,2026-10-01
Jyoti Nadhani,Facilitator,6507613137,me@jyotinadhani.com,https://www.jyotinadhani.com/,listed-in-official-directory,https://psilocybin.oregon.gov/api/public/ApprovedLicenses/GetConsentingLicenses,2026-10-01
Ciara Cuddihy-Hernandez ,Facilitator,5412460761,ciara.cuddihy@gmail.com,https://anampsilocybinjourneys.com/,listed-in-official-directory,https://psilocybin.oregon.gov/api/public/ApprovedLicenses/GetConsentingLicenses,2026-10-01
Steven Godwin,Facilitator,5419302105,,,listed-in-official-directory,https://psilocybin.oregon.gov/api/public/ApprovedLicenses/GetConsentingLicenses,2026-10-01
emily bilbao,Facilitator,9719259107,guidingtransformance@gmail.com,https://www.psychedelictherapybyemily.com/,listed-in-official-directory,https://psilocybin.oregon.gov/api/public/ApprovedLicenses/GetConsentingLicenses,2026-10-01
Claudia Cuentas,Facilitator,4155779440,claudia@coracenter.org,http://www.coracenter.org,listed-in-official-directory,https://psilocybin.oregon.gov/api/public/ApprovedLicenses/GetConsentingLicenses,2026-10-01
Seishiro Hokazono,Facilitator,,,https://www.kiandqi.com/journey,listed-in-official-directory,https://psilocybin.oregon.gov/api/public/ApprovedLicenses/GetConsentingLicenses,2026-10-01
Jaime Davila,Facilitator,,Jaime@Jdavila.us,,listed-in-official-directory,https://psilocybin.oregon.gov/api/public/ApprovedLicenses/GetConsentingLicenses,2026-10-01
Jill Corvelli,Facilitator,,jill@jillcorvelli.com,https://www.2catharsis.com,listed-in-official-directory,https://psilocybin.oregon.gov/api/public/ApprovedLicenses/GetConsentingLicenses,2026-10-01
Michael Rhoades,Facilitator,5416251159,pasabilities@gmail.com,,listed-in-official-directory,https://psilocybin.oregon.gov/api/public/ApprovedLicenses/GetConsentingLicenses,2026-10-01
Hamutal Sharabi,Facilitator,,connect@interbeing.one,http://interbeing.one,listed-in-official-directory,https://psilocybin.oregon.gov/api/public/ApprovedLicenses/GetConsentingLicenses,2026-10-01
Nina Wyngethrin,Facilitator,,nurturningnp@gmail.com,,listed-in-official-directory,https://psilocybin.oregon.gov/api/public/ApprovedLicenses/GetConsentingLicenses,2026-10-01
Rebecca Peters,Facilitator,8009743162,WeCare@MindRakerLLC.com,https://www.mindrakerllc.com,listed-in-official-directory,https://psilocybin.oregon.gov/api/public/ApprovedLicenses/GetConsentingLicenses,2026-10-01
Kayli Howard,Facilitator,,mindfeelrelease@gmail.com,https://www.mindfeelrelease.com,listed-in-official-directory,https://psilocybin.oregon.gov/api/public/ApprovedLicenses/GetConsentingLicenses,2026-10-01
Deb Halpern,Facilitator,,,,listed-in-official-directory,https://psilocybin.oregon.gov/api/public/ApprovedLicenses/GetConsentingLicenses,2026-10-01
Heidi Zehnder,Facilitator,5037520968,heidi.zehnder.lpf@gmail.com,http://heidizehnder.com,listed-in-official-directory,https://psilocybin.oregon.gov/api/public/ApprovedLicenses/GetConsentingLicenses,2026-10-01
Aphyna Zoe,Facilitator,9712373692,Aphynazoe@gmail.com,https://www.cosmicsong.love/,listed-in-official-directory,https://psilocybin.oregon.gov/api/public/ApprovedLicenses/GetConsentingLicenses,2026-10-01
Vonceil Yara,Facilitator,,vonceil@gmail.com,,listed-in-official-directory,https://psilocybin.oregon.gov/api/public/ApprovedLicenses/GetConsentingLicenses,2026-10-01
Lewis Birdseye IV,Facilitator,5413598635,lewisbirdseye4@gmail.com,,listed-in-official-directory,https://psilocybin.oregon.gov/api/public/ApprovedLicenses/GetConsentingLicenses,2026-10-01
Linda Schneider,Facilitator,,,http://goldenthreadfacilitation.com,listed-in-official-directory,https://psilocybin.oregon.gov/api/public/ApprovedLicenses/GetConsentingLicenses,2026-10-01
Nicole Garcia,Facilitator,,nicolemgarcia@gmail.com,,listed-in-official-directory,https://psilocybin.oregon.gov/api/public/ApprovedLicenses/GetConsentingLicenses,2026-10-01
Ben Kramer,Facilitator,5038042280,Ben@FUNGIMENTALpdx.com,https://www.FUNGIMENTALpdx.com,listed-in-official-directory,https://psilocybin.oregon.gov/api/public/ApprovedLicenses/GetConsentingLicenses,2026-10-01
John-Paul Crowe,Facilitator,,vuluvala@gmail.com,,listed-in-official-directory,https://psilocybin.oregon.gov/api/public/ApprovedLicenses/GetConsentingLicenses,2026-10-01
River J,Facilitator,3017698493,riverpsy.or@gmail.com,,listed-in-official-directory,https://psilocybin.oregon.gov/api/public/ApprovedLicenses/GetConsentingLicenses,2026-10-01
Samantha Schrantz Takamori,Facilitator,5418523840,PsilocybinHealingOR@gmail.com,https://PsilocybinHealing.com,listed-in-official-directory,https://psilocybin.oregon.gov/api/public/ApprovedLicenses/GetConsentingLicenses,2026-10-01
Todd Brehm,Facilitator,,theintegraljourney@gmail.com,https://www.theintegraljourneypdx.com/,listed-in-official-directory,https://psilocybin.oregon.gov/api/public/ApprovedLicenses/GetConsentingLicenses,2026-10-01
Nora Stevens,Facilitator,,nora.stevens@rediscoverypdx.com,http://www.rediscoverypdx.com,listed-in-official-directory,https://psilocybin.oregon.gov/api/public/ApprovedLicenses/GetConsentingLicenses,2026-10-01
KYLA CADIEUX,Facilitator,5038107810,kyla.pct@gmail.com,,listed-in-official-directory,https://psilocybin.oregon.gov/api/public/ApprovedLicenses/GetConsentingLicenses,2026-10-01
Jake Porter,Facilitator,8322708844,jake@daringventures.com,http://drjakeporter.com,listed-in-official-directory,https://psilocybin.oregon.gov/api/public/ApprovedLicenses/GetConsentingLicenses,2026-10-01
Melissa Grossman,Facilitator,,melissa@crosstheroadcoaching.com,https://crosstheroadcoaching.com,listed-in-official-directory,https://psilocybin.oregon.gov/api/public/ApprovedLicenses/GetConsentingLicenses,2026-10-01
Sera Miller,Facilitator,5419900274,"Sera_Miller@Outlook.com, Psiloquium@Outlook.com",https://Psiloquium.com,listed-in-official-directory,https://psilocybin.oregon.gov/api/public/ApprovedLicenses/GetConsentingLicenses,2026-10-01
Dain Miller,Facilitator,9713445440,bodhibrainllc@gmail.com,https://www.bodhibrain.com,listed-in-official-directory,https://psilocybin.oregon.gov/api/public/ApprovedLicenses/GetConsentingLicenses,2026-10-01
Michael Welch,Facilitator,4584880873,mikepuffs@gmail.com,https://www.mushroomhealingtherapy.com,listed-in-official-directory,https://psilocybin.oregon.gov/api/public/ApprovedLicenses/GetConsentingLicenses,2026-10-01
Atohm toledo,Facilitator,5416036990,atohmnow@gmail.com,,listed-in-official-directory,https://psilocybin.oregon.gov/api/public/ApprovedLicenses/GetConsentingLicenses,2026-10-01
Willow Sat Narayan,Facilitator,3053028101,willow@willowsatnarayan.com,https://willowsatnarayan.com,listed-in-official-directory,https://psilocybin.oregon.gov/api/public/ApprovedLicenses/GetConsentingLicenses,2026-10-01
Cheri Plantenberg,Facilitator,,cheriplantenberg@gmail.com,http://attitudelane.life,listed-in-official-directory,https://psilocybin.oregon.gov/api/public/ApprovedLicenses/GetConsentingLicenses,2026-10-01
Luna  Natarajan,Facilitator,6263546115,yourmindcreatesyourworld@gmail.com,http://akashictherapeutics.com,listed-in-official-directory,https://psilocybin.oregon.gov/api/public/ApprovedLicenses/GetConsentingLicenses,2026-10-01
Eric Bruhn,Facilitator,,honeybeehivesllc@gmail.com,,listed-in-official-directory,https://psilocybin.oregon.gov/api/public/ApprovedLicenses/GetConsentingLicenses,2026-10-01
Savitri Young,Facilitator,,savitri@gathersalem.com,https://www.gathersalem.com,listed-in-official-directory,https://psilocybin.oregon.gov/api/public/ApprovedLicenses/GetConsentingLicenses,2026-10-01
Stephanie Julia-Suriano,Facilitator,9175280357,,https://soulwrk.com,listed-in-official-directory,https://psilocybin.oregon.gov/api/public/ApprovedLicenses/GetConsentingLicenses,2026-10-01
Heather King,Facilitator,9315512662,scaintegration@gmail.com,http://www.scaintegration.com,listed-in-official-directory,https://psilocybin.oregon.gov/api/public/ApprovedLicenses/GetConsentingLicenses,2026-10-01
Jennifer Dziubanek,Facilitator,,jennifer@epichealingeugene.com,https://radiantheartconsulting.com/jennifer-dziubanek,listed-in-official-directory,https://psilocybin.oregon.gov/api/public/ApprovedLicenses/GetConsentingLicenses,2026-10-01
Sara Sentell,Facilitator,,sara@spiralsongfacilitation.com,http://www.spiralsongfacilitation.com,listed-in-official-directory,https://psilocybin.oregon.gov/api/public/ApprovedLicenses/GetConsentingLicenses,2026-10-01
Jennifer Snyder,Facilitator,5415250103,jen@aaalearninginstitute.com,https://www.aaalearninginstitute.com,listed-in-official-directory,https://psilocybin.oregon.gov/api/public/ApprovedLicenses/GetConsentingLicenses,2026-10-01
Ember Moore,Facilitator,,EMwellnesscycle@gmail.com,,listed-in-official-directory,https://psilocybin.oregon.gov/api/public/ApprovedLicenses/GetConsentingLicenses,2026-10-01
Kristin Fritz,Facilitator,,kristinfritzstudio@gmail.com,,listed-in-official-directory,https://psilocybin.oregon.gov/api/public/ApprovedLicenses/GetConsentingLicenses,2026-10-01
Melanie Velez,Facilitator,5419549782,loveinallthings@proton.me,https://www.kawashimavelez.com,listed-in-official-directory,https://psilocybin.oregon.gov/api/public/ApprovedLicenses/GetConsentingLicenses,2026-10-01
Michael Novak,Facilitator,8012013979,michael@safenesthealing.com,https://safenesthealing.com,listed-in-official-directory,https://psilocybin.oregon.gov/api/public/ApprovedLicenses/GetConsentingLicenses,2026-10-01
Carrie Sheppard ,Facilitator,,carrie@carriesheppard.com,,listed-in-official-directory,https://psilocybin.oregon.gov/api/public/ApprovedLicenses/GetConsentingLicenses,2026-10-01
Teri Halencak-Craven,Facilitator,8056519960,teri.craven@yahoo.com,,listed-in-official-directory,https://psilocybin.oregon.gov/api/public/ApprovedLicenses/GetConsentingLicenses,2026-10-01
Dia Adi Tate,Facilitator,9792889244,YELLOWBLOOS@GMAIL.COM,,listed-in-official-directory,https://psilocybin.oregon.gov/api/public/ApprovedLicenses/GetConsentingLicenses,2026-10-01
Cate Ritter,Facilitator,,,https://www.prismbend.com,listed-in-official-directory,https://psilocybin.oregon.gov/api/public/ApprovedLicenses/GetConsentingLicenses,2026-10-01
Laurel Younis,Facilitator,,laurel@emeraldvalleyinstitute.com,https://emeraldvalleyholistic.com,listed-in-official-directory,https://psilocybin.oregon.gov/api/public/ApprovedLicenses/GetConsentingLicenses,2026-10-01
Lara Ingram,Facilitator,,hello@lunaskye.co,https://lunaskye.co/,listed-in-official-directory,https://psilocybin.oregon.gov/api/public/ApprovedLicenses/GetConsentingLicenses,2026-10-01
Jason Glover,Facilitator,,jason@bodhimindjourneys.com,https://www.bodhimindjourneys.com,listed-in-official-directory,https://psilocybin.oregon.gov/api/public/ApprovedLicenses/GetConsentingLicenses,2026-10-01
Sarah McMinn,Facilitator,9712797412,sarah@sacredselfhealer.com,https://www.sacredselfhealer.com,listed-in-official-directory,https://psilocybin.oregon.gov/api/public/ApprovedLicenses/GetConsentingLicenses,2026-10-01
Sherry Beckmann,Facilitator,5036256559,,http://drsherrybeckmann.com,listed-in-official-directory,https://psilocybin.oregon.gov/api/public/ApprovedLicenses/GetConsentingLicenses,2026-10-01
Valerie Starr,Facilitator,,valeriestarryoga@gmail.com,https://starrlightbody.com/,listed-in-official-directory,https://psilocybin.oregon.gov/api/public/ApprovedLicenses/GetConsentingLicenses,2026-10-01
Martha Gustin,Facilitator,,martha@bendabletherapy.org,,listed-in-official-directory,https://psilocybin.oregon.gov/api/public/ApprovedLicenses/GetConsentingLicenses,2026-10-01
Francesca Loux,Facilitator,,francesca@francescaloux.com,http://francescaloux.com/,listed-in-official-directory,https://psilocybin.oregon.gov/api/public/ApprovedLicenses/GetConsentingLicenses,2026-10-01
felipa  lopez,Facilitator,,flopezny@gmail.com,,listed-in-official-directory,https://psilocybin.oregon.gov/api/public/ApprovedLicenses/GetConsentingLicenses,2026-10-01
Syre Saniyah,Facilitator,,Syre@coracenter.org,https://www.coracenter.org,listed-in-official-directory,https://psilocybin.oregon.gov/api/public/ApprovedLicenses/GetConsentingLicenses,2026-10-01
Maudisa Meroe,Facilitator,3237053656,meroe@maudisameroe.com,https://www.maudisameroe.com,listed-in-official-directory,https://psilocybin.oregon.gov/api/public/ApprovedLicenses/GetConsentingLicenses,2026-10-01
Alicia Bigelow,Facilitator,,solscapejourney@gmail.com,http://www.drbigelow.com,listed-in-official-directory,https://psilocybin.oregon.gov/api/public/ApprovedLicenses/GetConsentingLicenses,2026-10-01
Christan Stagg,Facilitator,5419902090,Wholelifealchemy@gmail.com,,listed-in-official-directory,https://psilocybin.oregon.gov/api/public/ApprovedLicenses/GetConsentingLicenses,2026-10-01
Megan Moseley,Facilitator,5419120594,megan@be-body-wise.com,https://www.be-body-wise.com/,listed-in-official-directory,https://psilocybin.oregon.gov/api/public/ApprovedLicenses/GetConsentingLicenses,2026-10-01
Amelia Bambam,Facilitator,3604747137,amelia@happyacrefarm.org,http://happyacrefarm.org,listed-in-official-directory,https://psilocybin.oregon.gov/api/public/ApprovedLicenses/GetConsentingLicenses,2026-10-01
Bunnie DeVoe,Facilitator,3604747137,bunnie@happyacrefarm.org,http://happyacrefarm.org,listed-in-official-directory,https://psilocybin.oregon.gov/api/public/ApprovedLicenses/GetConsentingLicenses,2026-10-01
Ana Holub,Facilitator,,info@anaholub.com,Https://www.anaholub.com,listed-in-official-directory,https://psilocybin.oregon.gov/api/public/ApprovedLicenses/GetConsentingLicenses,2026-10-01
Brian Pilecki,Facilitator,,pilecki@gmail.com,http://www.entropiapdx.com,listed-in-official-directory,https://psilocybin.oregon.gov/api/public/ApprovedLicenses/GetConsentingLicenses,2026-10-01
Caroline Holm,Facilitator,,carolinegholm@gmail.com,http://www.psilocybindoula.com,listed-in-official-directory,https://psilocybin.oregon.gov/api/public/ApprovedLicenses/GetConsentingLicenses,2026-10-01
Meghan Smith,Facilitator,9712050408,meghansplacejournez@gmail.com,,listed-in-official-directory,https://psilocybin.oregon.gov/api/public/ApprovedLicenses/GetConsentingLicenses,2026-10-01
Lotus Teegarden,Facilitator,,lotusatee@radical-rainbows-therapy.com or lotusatee@gmail.com,,listed-in-official-directory,https://psilocybin.oregon.gov/api/public/ApprovedLicenses/GetConsentingLicenses,2026-10-01
Danilo Escobar,Facilitator,5032144248,contact@daniloescobar.com,https://www.daniloescobar.com,listed-in-official-directory,https://psilocybin.oregon.gov/api/public/ApprovedLicenses/GetConsentingLicenses,2026-10-01
David Kahl,Facilitator,,,https://www.davidkahl.co,listed-in-official-directory,https://psilocybin.oregon.gov/api/public/ApprovedLicenses/GetConsentingLicenses,2026-10-01
Jacob Robertson,Facilitator,5033333158,,,listed-in-official-directory,https://psilocybin.oregon.gov/api/public/ApprovedLicenses/GetConsentingLicenses,2026-10-01
Pai Duch,Facilitator,,,https://www.sophayduchlcsw.com/,listed-in-official-directory,https://psilocybin.oregon.gov/api/public/ApprovedLicenses/GetConsentingLicenses,2026-10-01
Erin Allan,Facilitator,,erinallanwellness@gmail.com,https://www.erinallanwellness.com/,listed-in-official-directory,https://psilocybin.oregon.gov/api/public/ApprovedLicenses/GetConsentingLicenses,2026-10-01
Rose Engeln,Facilitator,5036651414,journeyswithrose@gmail.com,https://journeyswithrose.com,listed-in-official-directory,https://psilocybin.oregon.gov/api/public/ApprovedLicenses/GetConsentingLicenses,2026-10-01
Hilda Guttormsen,Facilitator,,hildagnosis@gmail.com,http://www.hildagnosis.com,listed-in-official-directory,https://psilocybin.oregon.gov/api/public/ApprovedLicenses/GetConsentingLicenses,2026-10-01
Aubrey Giordana,Facilitator,,agiordanaa@gmail.com,,listed-in-official-directory,https://psilocybin.oregon.gov/api/public/ApprovedLicenses/GetConsentingLicenses,2026-10-01
Andy Still,Facilitator,9714825634,andy@oregonpsilocybinjourneys.com,https://oregonpsilocybinjourneys.com,listed-in-official-directory,https://psilocybin.oregon.gov/api/public/ApprovedLicenses/GetConsentingLicenses,2026-10-01
Mara Kormylo,Facilitator,3033245469,Mbkormylo@mac.com,,listed-in-official-directory,https://psilocybin.oregon.gov/api/public/ApprovedLicenses/GetConsentingLicenses,2026-10-01
Lindsey Lerner,Facilitator,,lindseynelsonpsyd@gmail.com,https://www.drlindseylerner.com,listed-in-official-directory,https://psilocybin.oregon.gov/api/public/ApprovedLicenses/GetConsentingLicenses,2026-10-01
Libby Volgyes,Facilitator,5613077788,info@HealingByTHeRiver.com,https://healingbytheriver.com,listed-in-official-directory,https://psilocybin.oregon.gov/api/public/ApprovedLicenses/GetConsentingLicenses,2026-10-01
Ann Chatterton,Facilitator,,psychedelicsolutionspdx@gmail.com,https://www.psychedelicsolutions.co/,listed-in-official-directory,https://psilocybin.oregon.gov/api/public/ApprovedLicenses/GetConsentingLicenses,2026-10-01
Jason Skipper,Facilitator,9713223944,jasonbluecloud@gmail.com,http://www.jasonbluecloud.com,listed-in-official-directory,https://psilocybin.oregon.gov/api/public/ApprovedLicenses/GetConsentingLicenses,2026-10-01
Jenna LeJeune,Facilitator,,nwpsychedelics@gmail.com,http://www.nwpsychedelics.org,listed-in-official-directory,https://psilocybin.oregon.gov/api/public/ApprovedLicenses/GetConsentingLicenses,2026-10-01
Kate O'Flaherty,Facilitator,5414413557,fullspectrumkato@gmail.com,https://www.shroomscafe.com/,listed-in-official-directory,https://psilocybin.oregon.gov/api/public/ApprovedLicenses/GetConsentingLicenses,2026-10-01
Diane Pendragon,Facilitator,,dpendragon@pacbell.net,,listed-in-official-directory,https://psilocybin.oregon.gov/api/public/ApprovedLicenses/GetConsentingLicenses,2026-10-01
Tracy  Townsend M.D.,Facilitator,5033004040,tracy@meadowmedicine.org,https://www.meadowmedicine.org,listed-in-official-directory,https://psilocybin.oregon.gov/api/public/ApprovedLicenses/GetConsentingLicenses,2026-10-01
Sabrina Hadeed,Facilitator,5034326168,sabrina@drsabrinahadeed.com,https://www.loveandpsychedelics.co/,listed-in-official-directory,https://psilocybin.oregon.gov/api/public/ApprovedLicenses/GetConsentingLicenses,2026-10-01
Katy Scheck,Facilitator,,katyscheck@gmail.com,https://www.sherisessanctuary.com,listed-in-official-directory,https://psilocybin.oregon.gov/api/public/ApprovedLicenses/GetConsentingLicenses,2026-10-01
Fausto Otero Murga,Facilitator,5035169351,oteromurga01@gmail.com,,listed-in-official-directory,https://psilocybin.oregon.gov/api/public/ApprovedLicenses/GetConsentingLicenses,2026-10-01
LaDonna Remy,Facilitator,5094751315,ldremy1@msn.com,https://ladonnaremycounseling.com/,listed-in-official-directory,https://psilocybin.oregon.gov/api/public/ApprovedLicenses/GetConsentingLicenses,2026-10-01
Kate Schroeder,Facilitator,3147615310,kate@kateschroederlpc.com,https://www.kateschroederlpc.com,listed-in-official-directory,https://psilocybin.oregon.gov/api/public/ApprovedLicenses/GetConsentingLicenses,2026-10-01
Sarah Henry,Facilitator,7752195965,sarah@drsarahhenry.com,,listed-in-official-directory,https://psilocybin.oregon.gov/api/public/ApprovedLicenses/GetConsentingLicenses,2026-10-01
Gina  Baronian-Moore,Facilitator,,gina.b.moore@outlook.com,,listed-in-official-directory,https://psilocybin.oregon.gov/api/public/ApprovedLicenses/GetConsentingLicenses,2026-10-01
Karlinne Brodine,Facilitator,7142034781,journey@karlinnemichele.com,https://karlinnemichele.com/,listed-in-official-directory,https://psilocybin.oregon.gov/api/public/ApprovedLicenses/GetConsentingLicenses,2026-10-01
Elana Kananykhina,Facilitator,,,http://www.elanakanan.com,listed-in-official-directory,https://psilocybin.oregon.gov/api/public/ApprovedLicenses/GetConsentingLicenses,2026-10-01
Jane Patrick,Facilitator,,patricjvf@proton.me,,listed-in-official-directory,https://psilocybin.oregon.gov/api/public/ApprovedLicenses/GetConsentingLicenses,2026-10-01
Amanda Gow,Facilitator,,amanda@bendabletherapy.org,http://www.bendabletherapy.org,listed-in-official-directory,https://psilocybin.oregon.gov/api/public/ApprovedLicenses/GetConsentingLicenses,2026-10-01
Taylor Alderson,Facilitator,3102109510,tayloralderson@me.com,http://www.sacredwisdomjourney.com,listed-in-official-directory,https://psilocybin.oregon.gov/api/public/ApprovedLicenses/GetConsentingLicenses,2026-10-01
Michael Johas Teener,Facilitator,8314009125,mike@johasteener.com,,listed-in-official-directory,https://psilocybin.oregon.gov/api/public/ApprovedLicenses/GetConsentingLicenses,2026-10-01
SYLVIA ZIMMERMAN,Facilitator,5164130476,karunapdx@karunapdx.com,,listed-in-official-directory,https://psilocybin.oregon.gov/api/public/ApprovedLicenses/GetConsentingLicenses,2026-10-01
Heidi Chase,Facilitator,5037047321,heidichase@msn.com,https://heidichase.com,listed-in-official-directory,https://psilocybin.oregon.gov/api/public/ApprovedLicenses/GetConsentingLicenses,2026-10-01
Rose Sears,Facilitator,5036833488,aoafacilitation@gmail.com,https://www.aoafacilitation.com,listed-in-official-directory,https://psilocybin.oregon.gov/api/public/ApprovedLicenses/GetConsentingLicenses,2026-10-01
Reid Stuart,Facilitator,,AlfredHubbard@protonmail.com,https://AlfredHubbard.com,listed-in-official-directory,https://psilocybin.oregon.gov/api/public/ApprovedLicenses/GetConsentingLicenses,2026-10-01
Naoko Bishop,Facilitator,,bishopnaoko@gmail.com,https://luminalifejourney.com/,listed-in-official-directory,https://psilocybin.oregon.gov/api/public/ApprovedLicenses/GetConsentingLicenses,2026-10-01
Danielle White,Facilitator,,thewholefruitingbody@outlook.com,,listed-in-official-directory,https://psilocybin.oregon.gov/api/public/ApprovedLicenses/GetConsentingLicenses,2026-10-01
Arin Amsler,Facilitator,,,,listed-in-official-directory,https://psilocybin.oregon.gov/api/public/ApprovedLicenses/GetConsentingLicenses,2026-10-01
Heather Katz,Facilitator,,,,listed-in-official-directory,https://psilocybin.oregon.gov/api/public/ApprovedLicenses/GetConsentingLicenses,2026-10-01
Birdie Maser,Facilitator,5419330079,birdie@interwovenrituals.com,http://www.interwovenrituals.com,listed-in-official-directory,https://psilocybin.oregon.gov/api/public/ApprovedLicenses/GetConsentingLicenses,2026-10-01
Starr Potts,Facilitator,5086558331,dreamweaversrwe@gmail.com,HTTP://www.starrpotts.com,listed-in-official-directory,https://psilocybin.oregon.gov/api/public/ApprovedLicenses/GetConsentingLicenses,2026-10-01
Nitai  Aleksiewicz,Facilitator,,nitaialeks@gmail.com,https://yoursacred.life/,listed-in-official-directory,https://psilocybin.oregon.gov/api/public/ApprovedLicenses/GetConsentingLicenses,2026-10-01
Jake Hansen,Facilitator,5419515468,jmhansen042@gmail.com,,listed-in-official-directory,https://psilocybin.oregon.gov/api/public/ApprovedLicenses/GetConsentingLicenses,2026-10-01
Sam Gross,Facilitator,,sam@mushroomsme.com,https://mushroomsme.com/,listed-in-official-directory,https://psilocybin.oregon.gov/api/public/ApprovedLicenses/GetConsentingLicenses,2026-10-01
Fiona Anuweh,Facilitator,5412205108,innerlightguidance.fiona@gmail.com,,listed-in-official-directory,https://psilocybin.oregon.gov/api/public/ApprovedLicenses/GetConsentingLicenses,2026-10-01
Meghan Richmond,Facilitator,5039709270,richmondm2@gmail.com,,listed-in-official-directory,https://psilocybin.oregon.gov/api/public/ApprovedLicenses/GetConsentingLicenses,2026-10-01
Mary Jo SoRelle,Facilitator,9717770068,myrootsandradiance@gmail.com,https://myrootsandradiance.com,listed-in-official-directory,https://psilocybin.oregon.gov/api/public/ApprovedLicenses/GetConsentingLicenses,2026-10-01
Myles Katz,Facilitator,,myles@confluenceretreats.org,http://confluenceretreats.org/,listed-in-official-directory,https://psilocybin.oregon.gov/api/public/ApprovedLicenses/GetConsentingLicenses,2026-10-01
Esa Hall,Facilitator,,esafacilitations@gmail.com,,listed-in-official-directory,https://psilocybin.oregon.gov/api/public/ApprovedLicenses/GetConsentingLicenses,2026-10-01
Leonie Wolff,Facilitator,,leoniewolff@gmail.com,http://www.embracingwisdom.com,listed-in-official-directory,https://psilocybin.oregon.gov/api/public/ApprovedLicenses/GetConsentingLicenses,2026-10-01
Lisa Snyder,Facilitator,,lisa@liberadiate.com,http://liberadiate.com,listed-in-official-directory,https://psilocybin.oregon.gov/api/public/ApprovedLicenses/GetConsentingLicenses,2026-10-01
Shelah Wind-Smith,Facilitator,,ripplepsy@protonmail.com,http://www.ripple.care,listed-in-official-directory,https://psilocybin.oregon.gov/api/public/ApprovedLicenses/GetConsentingLicenses,2026-10-01
Erin Baldwin  Draper,Facilitator,,PsycheDoula@gmail.com,https://www.PsycheDoula.com,listed-in-official-directory,https://psilocybin.oregon.gov/api/public/ApprovedLicenses/GetConsentingLicenses,2026-10-01
Chesley Strowd,Facilitator,5414198137,souljourneyches@gmail.com,https://bendabletherapy.org/about/our-team/,listed-in-official-directory,https://psilocybin.oregon.gov/api/public/ApprovedLicenses/GetConsentingLicenses,2026-10-01
MJ Wilt,Facilitator,9712429322,tinyblip@comcast.net,https://WellbeingTrailhead.com,listed-in-official-directory,https://psilocybin.oregon.gov/api/public/ApprovedLicenses/GetConsentingLicenses,2026-10-01
Renee Pirkl,Facilitator,,renee@talkdoc.net,https://www.reneepirkl.com,listed-in-official-directory,https://psilocybin.oregon.gov/api/public/ApprovedLicenses/GetConsentingLicenses,2026-10-01
Gretchen Leuthy,Facilitator,,nurturedblooming@gmail.com,https://spaceportland.com,listed-in-official-directory,https://psilocybin.oregon.gov/api/public/ApprovedLicenses/GetConsentingLicenses,2026-10-01
Sadallah Kahuk,Facilitator,9542923143,smkahuk@gmail.com,http://www.thepsilocybin.center,listed-in-official-directory,https://psilocybin.oregon.gov/api/public/ApprovedLicenses/GetConsentingLicenses,2026-10-01
Randy Goetz,Facilitator,5414909350,randy@hoodrivervibrantliving.com,https://www.yourinfinitefreedom.com,listed-in-official-directory,https://psilocybin.oregon.gov/api/public/ApprovedLicenses/GetConsentingLicenses,2026-10-01
Kyong Yi,Facilitator,,kyongyifacilitator@gmail.com,,listed-in-official-directory,https://psilocybin.oregon.gov/api/public/ApprovedLicenses/GetConsentingLicenses,2026-10-01
Ryan Hillmann,Facilitator,9084188721,ryan@cosmic-passage.com,http://cosmic-passage.com,listed-in-official-directory,https://psilocybin.oregon.gov/api/public/ApprovedLicenses/GetConsentingLicenses,2026-10-01
Monica Motsko,Facilitator,,monimot@comcast.net,,listed-in-official-directory,https://psilocybin.oregon.gov/api/public/ApprovedLicenses/GetConsentingLicenses,2026-10-01
Leslie Drapiza,Facilitator,,leslie@gathersalem.com,https://www.gathersalem.com,listed-in-official-directory,https://psilocybin.oregon.gov/api/public/ApprovedLicenses/GetConsentingLicenses,2026-10-01
Shannon Conrad,Facilitator,5032086327,spiritpointmedicine@gmail.com,http://www.deepdivepdx.com,listed-in-official-directory,https://psilocybin.oregon.gov/api/public/ApprovedLicenses/GetConsentingLicenses,2026-10-01
Jocelyn Lescarbeau,Facilitator,,jocelyn.kristine@proton.me,https://www.fullcirclepsilocybin.com/,listed-in-official-directory,https://psilocybin.oregon.gov/api/public/ApprovedLicenses/GetConsentingLicenses,2026-10-01
Shasta Winn,Facilitator,9718659783,sabacooperative@gmail.com,https://myco-method.com/psilocybin-ceremonies-1s,listed-in-official-directory,https://psilocybin.oregon.gov/api/public/ApprovedLicenses/GetConsentingLicenses,2026-10-01
Jessica Reich,Facilitator,,jessica@unstuckoregon.com,https://unstuckoregon.com,listed-in-official-directory,https://psilocybin.oregon.gov/api/public/ApprovedLicenses/GetConsentingLicenses,2026-10-01
Sibin Stephen,Facilitator,,sibinrx@gmail.com,http://sibinstephen.com,listed-in-official-directory,https://psilocybin.oregon.gov/api/public/ApprovedLicenses/GetConsentingLicenses,2026-10-01
Kelly Lunde,Facilitator,,kellylunde@gmail.com,https://list.withalthea.com/listing/kelly-lynn-lunde/,listed-in-official-directory,https://psilocybin.oregon.gov/api/public/ApprovedLicenses/GetConsentingLicenses,2026-10-01
Heather Shelton,Facilitator,,,https://www.epichealingeugene.com,listed-in-official-directory,https://psilocybin.oregon.gov/api/public/ApprovedLicenses/GetConsentingLicenses,2026-10-01
Aaron Garmon,Facilitator,,aaron.innerverse@gmail.com,https://psychedelic.support/network/aaron-garmon-facilitator/,listed-in-official-directory,https://psilocybin.oregon.gov/api/public/ApprovedLicenses/GetConsentingLicenses,2026-10-01
Alex Cwalinski,Facilitator,,alex@theintrospectproject.com,https://theintrospectproject.com/,listed-in-official-directory,https://psilocybin.oregon.gov/api/public/ApprovedLicenses/GetConsentingLicenses,2026-10-01
Erin Johnson,Facilitator,,spiritualplumber@protonmail.com,,listed-in-official-directory,https://psilocybin.oregon.gov/api/public/ApprovedLicenses/GetConsentingLicenses,2026-10-01
Cathy Jonas,Facilitator,5415250124,info@epichealingeugene.com,https://www.epichealingeugene.com,listed-in-official-directory,https://psilocybin.oregon.gov/api/public/ApprovedLicenses/GetConsentingLicenses,2026-10-01
Jeanette Small,Facilitator,,smalljeanette@gmail.com,https://lucidcradle.com,listed-in-official-directory,https://psilocybin.oregon.gov/api/public/ApprovedLicenses/GetConsentingLicenses,2026-10-01
Michael Ritter,Facilitator,5413218445,intake@emeraldvalleyholistic.com,http://emeraldvalleyholistic.com/,listed-in-official-directory,https://psilocybin.oregon.gov/api/public/ApprovedLicenses/GetConsentingLicenses,2026-10-01
Geoff Falkenberg,Facilitator,,breathewithmepdx@gmail.com,https://www.breathewithme.studio/,listed-in-official-directory,https://psilocybin.oregon.gov/api/public/ApprovedLicenses/GetConsentingLicenses,2026-10-01
Laurent Picard,Facilitator,,beginnersmindfacilitation@gmail.com,,listed-in-official-directory,https://psilocybin.oregon.gov/api/public/ApprovedLicenses/GetConsentingLicenses,2026-10-01
Emily Hepp,Facilitator,5037088429,,,listed-in-official-directory,https://psilocybin.oregon.gov/api/public/ApprovedLicenses/GetConsentingLicenses,2026-10-01
Meixa Shore,Facilitator,8086408850,,https://www.meixamarie.com/psilocybinfacilitation,listed-in-official-directory,https://psilocybin.oregon.gov/api/public/ApprovedLicenses/GetConsentingLicenses,2026-10-01
Robert Combs,Facilitator,4583342910,cognito_tute@yahoo.com,,listed-in-official-directory,https://psilocybin.oregon.gov/api/public/ApprovedLicenses/GetConsentingLicenses,2026-10-01
Jennifer Joy Joseph ,Facilitator,5035726297,jennifer@oregonmedicalmushrooms.com,http://www.Oregonmedicalmushrooms.com,listed-in-official-directory,https://psilocybin.oregon.gov/api/public/ApprovedLicenses/GetConsentingLicenses,2026-10-01
Brenda Davies,Facilitator,,Brenda@mindfluxpdx.com,https://www.mindfluxpdx.com/,listed-in-official-directory,https://psilocybin.oregon.gov/api/public/ApprovedLicenses/GetConsentingLicenses,2026-10-01
Erin Taylor,Facilitator,9714030405,hello@blissfulemergence.org,https://blissfulemergence.org/,listed-in-official-directory,https://psilocybin.oregon.gov/api/public/ApprovedLicenses/GetConsentingLicenses,2026-10-01
Mary Bethea,Facilitator,5034988862,spaceportland@gmail.com,http://spaceportland.com,listed-in-official-directory,https://psilocybin.oregon.gov/api/public/ApprovedLicenses/GetConsentingLicenses,2026-10-01
Michael Davidson,Facilitator,,,http://www.ponolife.org,listed-in-official-directory,https://psilocybin.oregon.gov/api/public/ApprovedLicenses/GetConsentingLicenses,2026-10-01
Seth Mehr,Facilitator,,,https://www.cascadepsychedelicmedicine.com/,listed-in-official-directory,https://psilocybin.oregon.gov/api/public/ApprovedLicenses/GetConsentingLicenses,2026-10-01
Karin Calde,Facilitator,9712020039,karin@drcalde.com,https://drcalde.com/psilocybin/,listed-in-official-directory,https://psilocybin.oregon.gov/api/public/ApprovedLicenses/GetConsentingLicenses,2026-10-01
Misako Yamamoto,Facilitator,,misako@mill-e-moto.com,,listed-in-official-directory,https://psilocybin.oregon.gov/api/public/ApprovedLicenses/GetConsentingLicenses,2026-10-01
Oscar Aleman,Facilitator,5038916125,,,listed-in-official-directory,https://psilocybin.oregon.gov/api/public/ApprovedLicenses/GetConsentingLicenses,2026-10-01
Jiva DeVoe,Facilitator,3604747137,jiva@happyacrefarm.org,http://happyacrefarm.org,listed-in-official-directory,https://psilocybin.oregon.gov/api/public/ApprovedLicenses/GetConsentingLicenses,2026-10-01
Jessica Plecha,Facilitator,2066607513,jessica.remy1@gmail.com,https://senda-services.com/,listed-in-official-directory,https://psilocybin.oregon.gov/api/public/ApprovedLicenses/GetConsentingLicenses,2026-10-01
Rosalie Siler,Facilitator,,rosaliesiler@gmail.com,,listed-in-official-directory,https://psilocybin.oregon.gov/api/public/ApprovedLicenses/GetConsentingLicenses,2026-10-01
Joshua Goldstein,Facilitator,5417719865,innerwisdomgold@gmail.com,https://www.innerwisdomfacilitation.com/,listed-in-official-directory,https://psilocybin.oregon.gov/api/public/ApprovedLicenses/GetConsentingLicenses,2026-10-01
Willow Hall,Facilitator,,sacredgrovesynergies@gmail.com,https://www.sacredgrovesynergies.com/,listed-in-official-directory,https://psilocybin.oregon.gov/api/public/ApprovedLicenses/GetConsentingLicenses,2026-10-01
Zachary Ash,Facilitator,,zachary@cementedrose.com,,listed-in-official-directory,https://psilocybin.oregon.gov/api/public/ApprovedLicenses/GetConsentingLicenses,2026-10-01
Susannah Graven,Facilitator,5417725939,info@susannahgraven.com,https://facilitation.susannahgraven.com,listed-in-official-directory,https://psilocybin.oregon.gov/api/public/ApprovedLicenses/GetConsentingLicenses,2026-10-01
Hayden Collier,Facilitator,,,https://www.onlyhumxnllc.com,listed-in-official-directory,https://psilocybin.oregon.gov/api/public/ApprovedLicenses/GetConsentingLicenses,2026-10-01
Ron Burden,Facilitator,5038063719,ron@myconaturalhealing.com,http://myconaturalhealing.com,listed-in-official-directory,https://psilocybin.oregon.gov/api/public/ApprovedLicenses/GetConsentingLicenses,2026-10-01
Melinda Halpern,Facilitator,5417490535,melinda@headwaterspsychedelics.com,https://headwaterspsychedelics.com,listed-in-official-directory,https://psilocybin.oregon.gov/api/public/ApprovedLicenses/GetConsentingLicenses,2026-10-01
Amanda Lerch,Facilitator,,amanda@souljournoregon.com,,listed-in-official-directory,https://psilocybin.oregon.gov/api/public/ApprovedLicenses/GetConsentingLicenses,2026-10-01
Michael Kelly,Facilitator,5035120729,michaelk@mindstreamwellness.net,https://mindstreamwellness.net,listed-in-official-directory,https://psilocybin.oregon.gov/api/public/ApprovedLicenses/GetConsentingLicenses,2026-10-01
Jeremy  Robbins,Facilitator,,jjrawbenz@gmail.com,,listed-in-official-directory,https://psilocybin.oregon.gov/api/public/ApprovedLicenses/GetConsentingLicenses,2026-10-01
Gregory Robillard,Facilitator,,greg@treewellhealing.com,https://www.skydances.org,listed-in-official-directory,https://psilocybin.oregon.gov/api/public/ApprovedLicenses/GetConsentingLicenses,2026-10-01
carlos westergaard,Facilitator,2534069141,cultivatorlos@gmail.com,,listed-in-official-directory,https://psilocybin.oregon.gov/api/public/ApprovedLicenses/GetConsentingLicenses,2026-10-01
Michael  Averill ,Facilitator,3104398190,mike.averill.therapy@gmail.com,https://www.mikeaverilltherapy.com/,listed-in-official-directory,https://psilocybin.oregon.gov/api/public/ApprovedLicenses/GetConsentingLicenses,2026-10-01
Missy McMurray,Facilitator,,missymcmurray7@gmail.com,,listed-in-official-directory,https://psilocybin.oregon.gov/api/public/ApprovedLicenses/GetConsentingLicenses,2026-10-01
David Greenleaf,Facilitator,,dgreenleaf1010@gmail.com,,listed-in-official-directory,https://psilocybin.oregon.gov/api/public/ApprovedLicenses/GetConsentingLicenses,2026-10-01
Arlo Voorhees,Facilitator,,arlo@arlospsilocybinservice.com,https://www.arlospsilocybinservice.com,listed-in-official-directory,https://psilocybin.oregon.gov/api/public/ApprovedLicenses/GetConsentingLicenses,2026-10-01
Marlin Hofer,Facilitator,,shroomdaddypdx@gmail.com,https://shroomdaddypdx.com,listed-in-official-directory,https://psilocybin.oregon.gov/api/public/ApprovedLicenses/GetConsentingLicenses,2026-10-01
Zellene Struble,Facilitator,,zellenestruble@yahoo.com,,listed-in-official-directory,https://psilocybin.oregon.gov/api/public/ApprovedLicenses/GetConsentingLicenses,2026-10-01
Alix Shaw,Facilitator,2063557959,alixeshaw@gmail.com,,listed-in-official-directory,https://psilocybin.oregon.gov/api/public/ApprovedLicenses/GetConsentingLicenses,2026-10-01
Tracey Tiret,Facilitator,9712851553,tracey.tiret@gmail.com,https://www.traceytiret.com/,listed-in-official-directory,https://psilocybin.oregon.gov/api/public/ApprovedLicenses/GetConsentingLicenses,2026-10-01
Kelly Prill,Facilitator,,,https://drprill.com/service/psilocybin-sessions/reawaken-your-magic/,listed-in-official-directory,https://psilocybin.oregon.gov/api/public/ApprovedLicenses/GetConsentingLicenses,2026-10-01
Nathaniel Forest,Facilitator,3602410912,forestpathways.me,https://forestpathways.me,listed-in-official-directory,https://psilocybin.oregon.gov/api/public/ApprovedLicenses/GetConsentingLicenses,2026-10-01
Betty Warden,Facilitator,,boldjourneyworks@gmail.com,,listed-in-official-directory,https://psilocybin.oregon.gov/api/public/ApprovedLicenses/GetConsentingLicenses,2026-10-01
Kate Bentley,Facilitator,5037583750,,http://bentleypsychedelicservices.com,listed-in-official-directory,https://psilocybin.oregon.gov/api/public/ApprovedLicenses/GetConsentingLicenses,2026-10-01
Christopher Gagnér,Facilitator,,,,listed-in-official-directory,https://psilocybin.oregon.gov/api/public/ApprovedLicenses/GetConsentingLicenses,2026-10-01
Anat LeBlanc,Facilitator,,anatluceleblanc@gmail.com,"http://www.AnatLeBlanc.com, Http://www.palliativepsilocybin.org",listed-in-official-directory,https://psilocybin.oregon.gov/api/public/ApprovedLicenses/GetConsentingLicenses,2026-10-01
Julianna Fultineer,Facilitator,,jfultineercounseling@gmail.com,,listed-in-official-directory,https://psilocybin.oregon.gov/api/public/ApprovedLicenses/GetConsentingLicenses,2026-10-01
Michele Soleimani,Facilitator,5039290669,pdxtherapy@hushmail.com,https://pdxtherapy.com,listed-in-official-directory,https://psilocybin.oregon.gov/api/public/ApprovedLicenses/GetConsentingLicenses,2026-10-01
Megan Petrucelli,Facilitator,5033100961,megan@parentingwithintent.org,,listed-in-official-directory,https://psilocybin.oregon.gov/api/public/ApprovedLicenses/GetConsentingLicenses,2026-10-01
Jonah Stabinski,Facilitator,9712452133,nwpsychedelics@gmail.com,https://www.nwpsychedelics.org/,listed-in-official-directory,https://psilocybin.oregon.gov/api/public/ApprovedLicenses/GetConsentingLicenses,2026-10-01
Holly Goodman,Facilitator,5033488272,hcgoodman@gmail.com,,listed-in-official-directory,https://psilocybin.oregon.gov/api/public/ApprovedLicenses/GetConsentingLicenses,2026-10-01
Drew Snyder,Facilitator,,drew.healingjourneys@gmail.com,,listed-in-official-directory,https://psilocybin.oregon.gov/api/public/ApprovedLicenses/GetConsentingLicenses,2026-10-01
Alex  Robinson ,Facilitator,,,http://www.Alex-Robinson.org ,listed-in-official-directory,https://psilocybin.oregon.gov/api/public/ApprovedLicenses/GetConsentingLicenses,2026-10-01
Scott  Holden ,Facilitator,5035028006,Scott@mindtrek.net,https://www.mindtrek.net/,listed-in-official-directory,https://psilocybin.oregon.gov/api/public/ApprovedLicenses/GetConsentingLicenses,2026-10-01
Cindy Brodner,Facilitator,,cbrodner@gmail.com,https://ommmpdx.com,listed-in-official-directory,https://psilocybin.oregon.gov/api/public/ApprovedLicenses/GetConsentingLicenses,2026-10-01
Jay  Cusker,Facilitator,5033488260,	jay.asctherapy@gmail.com,http://www.asc-therapy.com,listed-in-official-directory,https://psilocybin.oregon.gov/api/public/ApprovedLicenses/GetConsentingLicenses,2026-10-01
Rebecca Ahnsdotter,Facilitator,,rebeccaahnsdotter@gmail.com,https://www.rebeccaahnsdotter.com/,listed-in-official-directory,https://psilocybin.oregon.gov/api/public/ApprovedLicenses/GetConsentingLicenses,2026-10-01
CK  Blackmore ,Facilitator,5182695458,ck.psychotherapy@gmail.com,http://www.drcksf.com,listed-in-official-directory,https://psilocybin.oregon.gov/api/public/ApprovedLicenses/GetConsentingLicenses,2026-10-01
Erin Pappas,Facilitator,9788959512,erinpappas8@gmail.com,https://www.dropthesis.com,listed-in-official-directory,https://psilocybin.oregon.gov/api/public/ApprovedLicenses/GetConsentingLicenses,2026-10-01
Sam Clark,Facilitator,2517090164,Byabird3@gmail.com,HTTP://Www.Rootedsupportpnw.com,listed-in-official-directory,https://psilocybin.oregon.gov/api/public/ApprovedLicenses/GetConsentingLicenses,2026-10-01
Ann MacKenzie,Facilitator,4582024041,hello@nova-tierra.com,https://www.nova-tierra.com,listed-in-official-directory,https://psilocybin.oregon.gov/api/public/ApprovedLicenses/GetConsentingLicenses,2026-10-01
Steven Lopez,Facilitator,2139824500,,,listed-in-official-directory,https://psilocybin.oregon.gov/api/public/ApprovedLicenses/GetConsentingLicenses,2026-10-01
Aline Bales,Facilitator,9256659851,aline@enchantedlegacy.org,https://alinebales.com/,listed-in-official-directory,https://psilocybin.oregon.gov/api/public/ApprovedLicenses/GetConsentingLicenses,2026-10-01
Jessica Gerharter,Facilitator,4065994447,jessicagerharter@gmail.com,,listed-in-official-directory,https://psilocybin.oregon.gov/api/public/ApprovedLicenses/GetConsentingLicenses,2026-10-01
Heidi Venture,Facilitator,5414908689,heidiventure@gmail.com,https://heidiventure.com,listed-in-official-directory,https://psilocybin.oregon.gov/api/public/ApprovedLicenses/GetConsentingLicenses,2026-10-01
Brianna Wasson,Facilitator,5412603830,wasson.briannalove@gmail.com,,listed-in-official-directory,https://psilocybin.oregon.gov/api/public/ApprovedLicenses/GetConsentingLicenses,2026-10-01
Kara Crisp,Facilitator,5036831830,karacrispnd@gmail.com,https://www.amendedheart.org/,listed-in-official-directory,https://psilocybin.oregon.gov/api/public/ApprovedLicenses/GetConsentingLicenses,2026-10-01
Natasha Stewart,Facilitator,,Hello@Natasha-Stewart.com,https://www.natasha-stewart.com,listed-in-official-directory,https://psilocybin.oregon.gov/api/public/ApprovedLicenses/GetConsentingLicenses,2026-10-01
Doree Farina,Facilitator,,doreefarina@gmail.com,,listed-in-official-directory,https://psilocybin.oregon.gov/api/public/ApprovedLicenses/GetConsentingLicenses,2026-10-01
Jadryn Ownbey,Facilitator,8016433595,jadrynfacilitations@gmail.com,https://www.goodfacilitators.com/,listed-in-official-directory,https://psilocybin.oregon.gov/api/public/ApprovedLicenses/GetConsentingLicenses,2026-10-01
DeeAnn Hogenson,Facilitator,,,,listed-in-official-directory,https://psilocybin.oregon.gov/api/public/ApprovedLicenses/GetConsentingLicenses,2026-10-01
Aaron Smith,Facilitator,7709000519,aaron@metamorphosis.ventures,,listed-in-official-directory,https://psilocybin.oregon.gov/api/public/ApprovedLicenses/GetConsentingLicenses,2026-10-01
Spring Andersen,Facilitator,,bearrootshealing@gmail.com,,listed-in-official-directory,https://psilocybin.oregon.gov/api/public/ApprovedLicenses/GetConsentingLicenses,2026-10-01
Matthew Wissler,Facilitator,7077877697,	mwissler@proton.me,https://www.psilocybinsvcs.com/,listed-in-official-directory,https://psilocybin.oregon.gov/api/public/ApprovedLicenses/GetConsentingLicenses,2026-10-01
Jin Sol Feder,Facilitator,,pearl_moon@proton.me,https://www.studionunchipdx.com,listed-in-official-directory,https://psilocybin.oregon.gov/api/public/ApprovedLicenses/GetConsentingLicenses,2026-10-01
Liz Greenhill,Facilitator,5038636342,soulrepairpdx@gmail.com,http://www.SoulRepairSociety.com,listed-in-official-directory,https://psilocybin.oregon.gov/api/public/ApprovedLicenses/GetConsentingLicenses,2026-10-01
Char McKendrick,Facilitator,,mindmonarchpdx@gmail.com,https://www.mindmonarchpdx.com,listed-in-official-directory,https://psilocybin.oregon.gov/api/public/ApprovedLicenses/GetConsentingLicenses,2026-10-01
Jim Klopfer,Facilitator,9718252248,jim@puzzleboxheart.net,https://www.puzzleboxheart.net/,listed-in-official-directory,https://psilocybin.oregon.gov/api/public/ApprovedLicenses/GetConsentingLicenses,2026-10-01
Kim Golletz,Facilitator,,kim.golletz@gmail.com,,listed-in-official-directory,https://psilocybin.oregon.gov/api/public/ApprovedLicenses/GetConsentingLicenses,2026-10-01
Veronica Vargas,Facilitator,,veronica@colibrisol.com,https://temegnosis.com,listed-in-official-directory,https://psilocybin.oregon.gov/api/public/ApprovedLicenses/GetConsentingLicenses,2026-10-01
Lynne Herbert,Facilitator,5419487015,lynneherbertcounseling@gmail.com,https://lynneherbertlpc.com/,listed-in-official-directory,https://psilocybin.oregon.gov/api/public/ApprovedLicenses/GetConsentingLicenses,2026-10-01
Maria Steiner-Renoir,Facilitator,,maria@mindmorphcolorado.com,https://www.mindmorphcolorado.com,listed-in-official-directory,https://psilocybin.oregon.gov/api/public/ApprovedLicenses/GetConsentingLicenses,2026-10-01
Clement Lapis Mare,Facilitator,,clement@interhealing.net,http://www.interhealing.net,listed-in-official-directory,https://psilocybin.oregon.gov/api/public/ApprovedLicenses/GetConsentingLicenses,2026-10-01
Paula Berry,Facilitator,,pberry.lcsw@gmail.com,,listed-in-official-directory,https://psilocybin.oregon.gov/api/public/ApprovedLicenses/GetConsentingLicenses,2026-10-01
Dan Golletz,Facilitator,,dan.golletz@gmail.com,,listed-in-official-directory,https://psilocybin.oregon.gov/api/public/ApprovedLicenses/GetConsentingLicenses,2026-10-01
Bern Haggard,Facilitator,5416130912,BLHaggard13@gmail.com,https://www.cybinservice.com,listed-in-official-directory,https://psilocybin.oregon.gov/api/public/ApprovedLicenses/GetConsentingLicenses,2026-10-01
Forest Hart,Facilitator,5037411929,forest@walkwithhart.com,https://walkwithhart.com,listed-in-official-directory,https://psilocybin.oregon.gov/api/public/ApprovedLicenses/GetConsentingLicenses,2026-10-01
Joey Bloom,Facilitator,,,http://www.sessionwithjoey.com,listed-in-official-directory,https://psilocybin.oregon.gov/api/public/ApprovedLicenses/GetConsentingLicenses,2026-10-01
Matthew Hicks,Facilitator,9714030882,mhicks@synaptic.care,https://www.synapticservices.org/,listed-in-official-directory,https://psilocybin.oregon.gov/api/public/ApprovedLicenses/GetConsentingLicenses,2026-10-01
Arah Gould,Facilitator,,arah@renewwonder.com,https://www.renewwonder.com,listed-in-official-directory,https://psilocybin.oregon.gov/api/public/ApprovedLicenses/GetConsentingLicenses,2026-10-01
Kat Thompson,Facilitator,5032086668,kat@fractalhealthpdx.com,https://www.fractalsoulpdx.com,listed-in-official-directory,https://psilocybin.oregon.gov/api/public/ApprovedLicenses/GetConsentingLicenses,2026-10-01
Sarah Honeycutt,Facilitator,5036832860,sarah@oregonpsychedelicguide.com,https://oregonpsychedelicguide.com/#,listed-in-official-directory,https://psilocybin.oregon.gov/api/public/ApprovedLicenses/GetConsentingLicenses,2026-10-01
Phyllis Moses,Facilitator,,energy4us2@gmail.com,http://www.phyllismoses.com,listed-in-official-directory,https://psilocybin.oregon.gov/api/public/ApprovedLicenses/GetConsentingLicenses,2026-10-01
Christa Kaainoa,Facilitator,5038050515,ckaainoa@gmail.com,,listed-in-official-directory,https://psilocybin.oregon.gov/api/public/ApprovedLicenses/GetConsentingLicenses,2026-10-01
Heidi Strander,Facilitator,,misssheidi@yahoo.com,,listed-in-official-directory,https://psilocybin.oregon.gov/api/public/ApprovedLicenses/GetConsentingLicenses,2026-10-01
Stephanie Van Hope,Facilitator,,connect@hopeholistic.com,https://www.hopeholistic.com,listed-in-official-directory,https://psilocybin.oregon.gov/api/public/ApprovedLicenses/GetConsentingLicenses,2026-10-01
Navie Granitz,Facilitator,,,,listed-in-official-directory,https://psilocybin.oregon.gov/api/public/ApprovedLicenses/GetConsentingLicenses,2026-10-01
Evelyn Cushing,Facilitator,5038164600,Elevatewithevelyn@proton.me,https://elevate-with-evelyn.com/,listed-in-official-directory,https://psilocybin.oregon.gov/api/public/ApprovedLicenses/GetConsentingLicenses,2026-10-01
Michelle Lindley,Facilitator,7142034781,michelle@omniagroupashland.com,http://www.omniagroupashland.com,listed-in-official-directory,https://psilocybin.oregon.gov/api/public/ApprovedLicenses/GetConsentingLicenses,2026-10-01
Wendy Cliff,Facilitator,,wendydcliff@gmail.com,,listed-in-official-directory,https://psilocybin.oregon.gov/api/public/ApprovedLicenses/GetConsentingLicenses,2026-10-01
Renee Miereanu,Facilitator,5417784380,mushroomguideoregon@gmail.com,https://Mushroomguide.org,listed-in-official-directory,https://psilocybin.oregon.gov/api/public/ApprovedLicenses/GetConsentingLicenses,2026-10-01
Becca Parker,Facilitator,5038193712,beccasuzanne2020@gmail.com,https://www.psilocybinjourneyfacilitator.com/,listed-in-official-directory,https://psilocybin.oregon.gov/api/public/ApprovedLicenses/GetConsentingLicenses,2026-10-01
elizabeth hoke,Facilitator,,,https://www.weavingbridges.com/,listed-in-official-directory,https://psilocybin.oregon.gov/api/public/ApprovedLicenses/GetConsentingLicenses,2026-10-01
Chris Tittle,Facilitator,8016283881,christittle.mmp@gmail.com,,listed-in-official-directory,https://psilocybin.oregon.gov/api/public/ApprovedLicenses/GetConsentingLicenses,2026-10-01
Chelsea Phegley,Facilitator,,chelsea@safepassagesupportivecare.com,https://www.harborwithincare.com/,listed-in-official-directory,https://psilocybin.oregon.gov/api/public/ApprovedLicenses/GetConsentingLicenses,2026-10-01
Henry Fields,Facilitator,3108046565,henrifields@gmail.com,http://www.inwarddive.com,listed-in-official-directory,https://psilocybin.oregon.gov/api/public/ApprovedLicenses/GetConsentingLicenses,2026-10-01
David Lerman,Facilitator,,david@thisbeinghumantherapy.com,https://thisbeinghumantherapy.com,listed-in-official-directory,https://psilocybin.oregon.gov/api/public/ApprovedLicenses/GetConsentingLicenses,2026-10-01
Heidi Pollard-Hermann,Facilitator,,,https://www.wavesofintegration.com/,listed-in-official-directory,https://psilocybin.oregon.gov/api/public/ApprovedLicenses/GetConsentingLicenses,2026-10-01
Aaron Arvidson,Facilitator,5037135644,goldenfacilitator@gmail.com,https://ayeterra.com/,listed-in-official-directory,https://psilocybin.oregon.gov/api/public/ApprovedLicenses/GetConsentingLicenses,2026-10-01
Michelle Harrell,Facilitator,,michelle@treeoflifefacilitation.com,https://www.purplecityexperience.com/,listed-in-official-directory,https://psilocybin.oregon.gov/api/public/ApprovedLicenses/GetConsentingLicenses,2026-10-01
Julie Lopez,Facilitator,,info@solacewc.com,,listed-in-official-directory,https://psilocybin.oregon.gov/api/public/ApprovedLicenses/GetConsentingLicenses,2026-10-01
Paul Sweany,Facilitator,2062517781,psweany.iweb@gmail.com,,listed-in-official-directory,https://psilocybin.oregon.gov/api/public/ApprovedLicenses/GetConsentingLicenses,2026-10-01
Lindsey Burke,Facilitator,4582066775,rootedtherapeuticservices@gmail.com,,listed-in-official-directory,https://psilocybin.oregon.gov/api/public/ApprovedLicenses/GetConsentingLicenses,2026-10-01
Kerry Loehr,Facilitator,5033809389,sevengenconcepts@gmail.com,https://www.sevengenconcepts.com/,listed-in-official-directory,https://psilocybin.oregon.gov/api/public/ApprovedLicenses/GetConsentingLicenses,2026-10-01
JaDee Carathers,Facilitator,,goldenrosejourneys@gmail.com,https://www.goldenrosejourneys.org/,listed-in-official-directory,https://psilocybin.oregon.gov/api/public/ApprovedLicenses/GetConsentingLicenses,2026-10-01
Bonny Koeber,Facilitator,5416318300,bonnykoebermd@psilocybinjourneyguide.com,http://www.psilocybinjourneyguide.com,listed-in-official-directory,https://psilocybin.oregon.gov/api/public/ApprovedLicenses/GetConsentingLicenses,2026-10-01
Michelle  Glass,Facilitator,,michelleglassifs@gmail.com,https://thelistenerllc.com,listed-in-official-directory,https://psilocybin.oregon.gov/api/public/ApprovedLicenses/GetConsentingLicenses,2026-10-01
Paul Choi,Facilitator,,paulchoimd@mac.com,,listed-in-official-directory,https://psilocybin.oregon.gov/api/public/ApprovedLicenses/GetConsentingLicenses,2026-10-01
Sabrina Perez,Facilitator,8886413239,sabrina@sabrinaperez.com,https://sabrinaperez.com/,listed-in-official-directory,https://psilocybin.oregon.gov/api/public/ApprovedLicenses/GetConsentingLicenses,2026-10-01
Janet Rucker-Smith,Facilitator,8182353571,janet.ruckersmith@gmail.com,,listed-in-official-directory,https://psilocybin.oregon.gov/api/public/ApprovedLicenses/GetConsentingLicenses,2026-10-01
Dana Girard,Facilitator,,,https://drdanagirard.com,listed-in-official-directory,https://psilocybin.oregon.gov/api/public/ApprovedLicenses/GetConsentingLicenses,2026-10-01
Robert Strohmeyer,Facilitator,,,https://centeringjourneys.com,listed-in-official-directory,https://psilocybin.oregon.gov/api/public/ApprovedLicenses/GetConsentingLicenses,2026-10-01
Lindsey  Reinhart,Facilitator,5412337524,terranovapsychedelic@gmail.com,https://www.terranovapsychedelic.com,listed-in-official-directory,https://psilocybin.oregon.gov/api/public/ApprovedLicenses/GetConsentingLicenses,2026-10-01
Hillary Howarth,Facilitator,5035444785,hillary.howarth@gmail.com,,listed-in-official-directory,https://psilocybin.oregon.gov/api/public/ApprovedLicenses/GetConsentingLicenses,2026-10-01
Eli Jaxon-Bear,Facilitator,5412010900,,http://www.leelaschool.org,listed-in-official-directory,https://psilocybin.oregon.gov/api/public/ApprovedLicenses/GetConsentingLicenses,2026-10-01
Jamie Blackburn,Facilitator,,innermapproject@gmail.com,http://www.innermapproject.com,listed-in-official-directory,https://psilocybin.oregon.gov/api/public/ApprovedLicenses/GetConsentingLicenses,2026-10-01
Erik Blender,Facilitator,,heartsongnw.info@gmail.com,https://heartsongnw.com,listed-in-official-directory,https://psilocybin.oregon.gov/api/public/ApprovedLicenses/GetConsentingLicenses,2026-10-01
Jessica Corp,Facilitator,5036806613,jessica.l.corp@hartnw.org,https://HaRTNW.org,listed-in-official-directory,https://psilocybin.oregon.gov/api/public/ApprovedLicenses/GetConsentingLicenses,2026-10-01
Christine Aitchison,Facilitator,,christinemarieheals@gmail.com,https://www.christinemarieheals.com,listed-in-official-directory,https://psilocybin.oregon.gov/api/public/ApprovedLicenses/GetConsentingLicenses,2026-10-01
Pilar Hernandez Wolfe,Facilitator,,Drpilar@pm.me,https://www.weavingbridges.com,listed-in-official-directory,https://psilocybin.oregon.gov/api/public/ApprovedLicenses/GetConsentingLicenses,2026-10-01
Carol Markovics,Facilitator,5853174987,Dr.Carol@play2growbehavioraltherapy.com,,listed-in-official-directory,https://psilocybin.oregon.gov/api/public/ApprovedLicenses/GetConsentingLicenses,2026-10-01
Olivia Hicks,Facilitator,9714030884,ohicks@synaptic.care,https://www.synaptic.care/psilocybin,listed-in-official-directory,https://psilocybin.oregon.gov/api/public/ApprovedLicenses/GetConsentingLicenses,2026-10-01
Sage Dutra,Facilitator,9713045342,sage@clearhaven.org,https://www.clearhaven.org,listed-in-official-directory,https://psilocybin.oregon.gov/api/public/ApprovedLicenses/GetConsentingLicenses,2026-10-01
Patrick Clancy,Facilitator,3123718834,patrick@healwithpsilocybin.com,http://www.healwithpsilocybin.com,listed-in-official-directory,https://psilocybin.oregon.gov/api/public/ApprovedLicenses/GetConsentingLicenses,2026-10-01
Andreas Met,Facilitator,5419302478,andreas@satyatherapeutics.com,https://satyatherapeutics.com,listed-in-official-directory,https://psilocybin.oregon.gov/api/public/ApprovedLicenses/GetConsentingLicenses,2026-10-01
Amy Charlesworth,Facilitator,5035755891,Amy@qnamy.com,https://www.qnamy.com,listed-in-official-directory,https://psilocybin.oregon.gov/api/public/ApprovedLicenses/GetConsentingLicenses,2026-10-01
Alexandra Kenyon,Facilitator,,alex@alexkenyon.com,https://alexkenyon.com,listed-in-official-directory,https://psilocybin.oregon.gov/api/public/ApprovedLicenses/GetConsentingLicenses,2026-10-01
Lynne Shinto,Facilitator,,lynneshinto@gmail.com,,listed-in-official-directory,https://psilocybin.oregon.gov/api/public/ApprovedLicenses/GetConsentingLicenses,2026-10-01
Thomas Boudrot,Facilitator,,,,listed-in-official-directory,https://psilocybin.oregon.gov/api/public/ApprovedLicenses/GetConsentingLicenses,2026-10-01
Cameron Peddycord,Facilitator,,,https://www.CameronPeddycord.com,listed-in-official-directory,https://psilocybin.oregon.gov/api/public/ApprovedLicenses/GetConsentingLicenses,2026-10-01
Amanda Gerace,Facilitator,,amandagerace@yahoo.com,https://www.grassroots-wellness.com,listed-in-official-directory,https://psilocybin.oregon.gov/api/public/ApprovedLicenses/GetConsentingLicenses,2026-10-01
JJ Pursell,Facilitator,,drjjpursell@gmail.com,https://drjjpursell.com,listed-in-official-directory,https://psilocybin.oregon.gov/api/public/ApprovedLicenses/GetConsentingLicenses,2026-10-01
Bruce Zufelt,Facilitator,,bruce@journeystherapynw.com,http://journeystherapynw.com,listed-in-official-directory,https://psilocybin.oregon.gov/api/public/ApprovedLicenses/GetConsentingLicenses,2026-10-01
Keri Padon,Facilitator,4068604755,kerileigh9@gmail.com,https://www.keripadonyoga.com/,listed-in-official-directory,https://psilocybin.oregon.gov/api/public/ApprovedLicenses/GetConsentingLicenses,2026-10-01
Jack Kapustka,Facilitator,,jmkapustka@gmail.com,,listed-in-official-directory,https://psilocybin.oregon.gov/api/public/ApprovedLicenses/GetConsentingLicenses,2026-10-01
Emily Squadra,Facilitator,3035489838,emilypsquadra@gmail.com,https://www.cascadiamysteryschool.com/,listed-in-official-directory,https://psilocybin.oregon.gov/api/public/ApprovedLicenses/GetConsentingLicenses,2026-10-01
Gina Gratza,Facilitator,,,https://www.ginagratza.com,listed-in-official-directory,https://psilocybin.oregon.gov/api/public/ApprovedLicenses/GetConsentingLicenses,2026-10-01
Carrie McMullin,Facilitator,,carrie@mynabirdjs.com,https://mynabirdjs.com,listed-in-official-directory,https://psilocybin.oregon.gov/api/public/ApprovedLicenses/GetConsentingLicenses,2026-10-01
Michele Koh Morollo,Facilitator,,michele@nosctherapies.com,https://www.numen-nosctherapies.com/,listed-in-official-directory,https://psilocybin.oregon.gov/api/public/ApprovedLicenses/GetConsentingLicenses,2026-10-01
Caitlyn Sweat,Facilitator,,introspect.oregon@gmail.com,https://caitlynsweat.com,listed-in-official-directory,https://psilocybin.oregon.gov/api/public/ApprovedLicenses/GetConsentingLicenses,2026-10-01
Ashley  Collins,Facilitator,,heartsongnw.ashley@gmail.com,https://heartsongnw.com,listed-in-official-directory,https://psilocybin.oregon.gov/api/public/ApprovedLicenses/GetConsentingLicenses,2026-10-01
Hilary Rappaport,Facilitator,9144837969,wiseheartcollective@gmial.com,,listed-in-official-directory,https://psilocybin.oregon.gov/api/public/ApprovedLicenses/GetConsentingLicenses,2026-10-01
James Guest,Facilitator,,jamesbelleguest@gmail.com,https://oregonpsilocybinfacilitator.org/,listed-in-official-directory,https://psilocybin.oregon.gov/api/public/ApprovedLicenses/GetConsentingLicenses,2026-10-01
Nicole Ehrbar,Facilitator,9712663985,nicole@alompdx.com,http://www.alompdx.com,listed-in-official-directory,https://psilocybin.oregon.gov/api/public/ApprovedLicenses/GetConsentingLicenses,2026-10-01
Nancy Morgan,Facilitator,9253236885,dr.nlmorgan@gmail.com,http://www.theguideinside.com,listed-in-official-directory,https://psilocybin.oregon.gov/api/public/ApprovedLicenses/GetConsentingLicenses,2026-10-01
Maggie Walsh,Facilitator,,,http://www.thewellfolk.com,listed-in-official-directory,https://psilocybin.oregon.gov/api/public/ApprovedLicenses/GetConsentingLicenses,2026-10-01
Nicholas Beaton,Facilitator,,cfdnick@gmail.com,,listed-in-official-directory,https://psilocybin.oregon.gov/api/public/ApprovedLicenses/GetConsentingLicenses,2026-10-01
Cecilia McCusker,Facilitator,,hello@thewellfolk.com,http://www.Thewellfolk.com,listed-in-official-directory,https://psilocybin.oregon.gov/api/public/ApprovedLicenses/GetConsentingLicenses,2026-10-01
Lisa Schumacher,Facilitator,,lisas@leela.org,https://www.leelaschool.org/psilocybin-facilitators/,listed-in-official-directory,https://psilocybin.oregon.gov/api/public/ApprovedLicenses/GetConsentingLicenses,2026-10-01
Dabney Finney,Facilitator,5418088446,elfinamadrone@gmail.com,,listed-in-official-directory,https://psilocybin.oregon.gov/api/public/ApprovedLicenses/GetConsentingLicenses,2026-10-01
Mariah Moncada,Facilitator,,	Mariah@microtothemacro.com,https://www.microtothemacro.com,listed-in-official-directory,https://psilocybin.oregon.gov/api/public/ApprovedLicenses/GetConsentingLicenses,2026-10-01
Timmi Claveria,Facilitator,,,https://truenorthjourneyspdx.com/,listed-in-official-directory,https://psilocybin.oregon.gov/api/public/ApprovedLicenses/GetConsentingLicenses,2026-10-01
Tamara Greenwell,Facilitator,,greenwell.tamara@gmail.com,,listed-in-official-directory,https://psilocybin.oregon.gov/api/public/ApprovedLicenses/GetConsentingLicenses,2026-10-01
Adam Allegro,Facilitator,,,,listed-in-official-directory,https://psilocybin.oregon.gov/api/public/ApprovedLicenses/GetConsentingLicenses,2026-10-01
Siana Ọrun-Walker,Facilitator,5624570999,siana@ibeiam.com,https://www.ibeiam.com/,listed-in-official-directory,https://psilocybin.oregon.gov/api/public/ApprovedLicenses/GetConsentingLicenses,2026-10-01
Jenna Kuru,Facilitator,,jkurupmhnp@gmail.com,,listed-in-official-directory,https://psilocybin.oregon.gov/api/public/ApprovedLicenses/GetConsentingLicenses,2026-10-01
Caleb Rozina,Facilitator,,caleb@rosewaterssanctuary.com,,listed-in-official-directory,https://psilocybin.oregon.gov/api/public/ApprovedLicenses/GetConsentingLicenses,2026-10-01
Saliha Afridi,Facilitator,,drsafridi@lighthousearabia.com,,listed-in-official-directory,https://psilocybin.oregon.gov/api/public/ApprovedLicenses/GetConsentingLicenses,2026-10-01
Brad Piper,Facilitator,8313595050,bradleyjpiper@yahoo.com,,listed-in-official-directory,https://psilocybin.oregon.gov/api/public/ApprovedLicenses/GetConsentingLicenses,2026-10-01
Josh Foxen,Facilitator,8054509432,josh.foxen@gmail.com,https://www.embodiedlifecoach.com/,listed-in-official-directory,https://psilocybin.oregon.gov/api/public/ApprovedLicenses/GetConsentingLicenses,2026-10-01
Shannon Modjeski,Facilitator,5416212267,s.marcus7@gmail.com,,listed-in-official-directory,https://psilocybin.oregon.gov/api/public/ApprovedLicenses/GetConsentingLicenses,2026-10-01
Haley Meyers,Facilitator,6195357214,haley@haleymeyerslcsw.com,https://www.haleymeyerslcsw.com/,listed-in-official-directory,https://psilocybin.oregon.gov/api/public/ApprovedLicenses/GetConsentingLicenses,2026-10-01
Malena Donas,Facilitator,,,,listed-in-official-directory,https://psilocybin.oregon.gov/api/public/ApprovedLicenses/GetConsentingLicenses,2026-10-01
Whitney Marris,Facilitator,,Whitney@weaving-wholeness.com,https://weaving-wholeness.com,listed-in-official-directory,https://psilocybin.oregon.gov/api/public/ApprovedLicenses/GetConsentingLicenses,2026-10-01
